/*
 * Values Generated by mockaroo.com
 */
USE high_school;

INSERT INTO Teacher (id, first_name, last_name, birth_date) 
VALUES (1, 'Amalita', 'Degoy', '1995-03-07 04:20:04'),
       (2, 'Jodee', 'Fullylove', '1999-03-12 00:23:08'),
       (3, 'Avrom', 'McRill', '1988-10-22 17:34:34');

INSERT INTO Student (registration_number, first_name, last_name, birth_date)
VALUES (1, 'Hetti', 'Harmon', '1999-12-04 07:52:25'),
       (2, 'Noby', 'Shewan', '1999-11-26 22:45:56'),
       (3, 'Georgy', 'Mieville', '1991-09-07 18:00:50'),
       (4, 'Tristan', 'Harsent', '1997-02-02 01:46:52'),
       (5, 'Dina', 'Gannicott', '1990-01-25 06:36:00'),
       (6, 'Win', 'Duell', '1983-07-06 01:57:35'),
       (7, 'Shaine', 'Shrubsall', '1986-11-19 11:18:50'),
       (8, 'Walther', 'Rebanks', '1991-07-28 23:17:56'),
       (9, 'Amil', 'Weathey', '1989-11-25 11:44:48'),
       (10, 'Fionnula', 'Kipping', '1989-11-21 22:35:17'),
       (11, 'Salome', 'Osban', '1999-08-06 23:13:49'),
       (12, 'Darnall', 'Brugemann', '1988-02-19 20:20:56'),
       (13, 'Hinda', 'Flippini', '1989-07-02 10:34:57'),
       (14, 'Norbert', 'Zanassi', '1991-07-06 11:54:56'),
       (15, 'Iris', 'Wanne', '1983-11-25 05:42:51'),
       (16, 'Ki', 'Wakeman', '2000-11-24 01:50:39'),
       (17, 'Clary', 'Sjollema', '1980-10-30 16:37:31'),
       (18, 'Stefa', 'Huntar', '1990-05-31 15:06:11'),
       (19, 'Sinclare', 'Patey', '1987-09-26 08:14:54'),
       (20, 'Solomon', 'Hemms', '1982-05-02 12:06:04'),
       (21, 'Aluin', 'Paterson', '1988-05-01 22:56:27'),
       (22, 'Hedwiga', 'Bennike', '1984-09-17 15:43:30'),
       (23, 'Patrice', 'Playfoot', '1996-10-04 03:54:23'),
       (24, 'Ramon', 'Buckberry', '1986-01-27 05:05:40'),
       (25, 'Keene', 'Caunce', '1988-11-09 14:42:06'),
       (26, 'Eulalie', 'Hillhouse', '1988-07-07 20:39:35'),
       (27, 'Dorena', 'Carlesi', '1990-11-06 16:10:16'),
       (28, 'Hakeem', 'Flewan', '1992-08-22 01:21:15'),
       (29, 'Nerta', 'Peevor', '1997-11-29 15:50:55'),
       (30, 'Adora', 'Knutton', '1983-07-09 11:33:59');

INSERT INTO Course (name, week_hours, teacher_id)
VALUES ('Introduction to Computer Science', 6, 1),
       ('Discrete Mathematics', 4, 2),
       ('Fundamentals of Programming', 4, 3);

INSERT INTO Assist (student_registration_number, course_name, year, grade_1, grade_2, grade_3, grade_final)
VALUES (1, 'Introduction to Computer Science', 2018, 7, 6, 8, 9),
       (2, 'Introduction to Computer Science', 2018, 1, 9, 3, 6),
       (3, 'Introduction to Computer Science', 2018, 7, 4, 2, 4),
       (4, 'Introduction to Computer Science', 2018, 8, 6, 8, 9),
       (5, 'Introduction to Computer Science', 2018, 2, 9, 3, 9),
       (6, 'Introduction to Computer Science', 2018, 7, 10, 6, 7),
       (7, 'Introduction to Computer Science', 2018, 2, 6, 4, 7),
       (8, 'Introduction to Computer Science', 2018, 6, 7, 4, 4),
       (9, 'Introduction to Computer Science', 2018, 1, 10, 3, 7),
       (10, 'Introduction to Computer Science', 2018, 9, 5, 8, 1),
       (11, 'Discrete Mathematics', 2018, 6, 1, 5, 7),
       (12, 'Discrete Mathematics', 2018, 5, 10, 5, 9),
       (13, 'Discrete Mathematics', 2018, 4, 3, 3, 2),
       (14, 'Discrete Mathematics', 2018, 3, 2, 8, 4),
       (15, 'Discrete Mathematics', 2018, 9, 8, 3, 8),
       (16, 'Discrete Mathematics', 2018, 4, 1, 5, 4),
       (17, 'Discrete Mathematics', 2018, 5, 1, 1, 4),
       (18, 'Discrete Mathematics', 2018, 1, 1, 9, 1),
       (19, 'Discrete Mathematics', 2018, 1, 9, 9, 9),
       (20, 'Discrete Mathematics', 2018, 9, 1, 4, 6),
       (21, 'Fundamentals of Programming', 2018, 9, 4, 10, 7),
       (22, 'Fundamentals of Programming', 2018, 3, 6, 1, 3),
       (23, 'Fundamentals of Programming', 2018, 2, 4, 6, 5),
       (24, 'Fundamentals of Programming', 2018, 2, 9, 6, 9),
       (25, 'Fundamentals of Programming', 2018, 8, 3, 6, 2),
       (26, 'Fundamentals of Programming', 2018, 6, 7, 8, 1),
       (27, 'Fundamentals of Programming', 2018, 9, 10, 1, 3),
       (28, 'Fundamentals of Programming', 2018, 2, 8, 4, 9),
       (29, 'Fundamentals of Programming', 2018, 2, 8, 6, 6),
       (30, 'Fundamentals of Programming', 2018, 2, 10, 9, 5);

INSERT INTO Schedule (id, day, time_start, time_end)
VALUES (1, 0, '08:00:00', '10:00:00'),
       (2, 2, '10:00:00', '12:00:00'),
       (3, 4, '14:00:00', '16:00:00'),
       (4, 1, '08:00:00', '10:00:00'),
       (5, 3, '16:00:00', '18:00:00'),
       (6, 0, '10:00:00', '12:00:00'),
       (7, 5, '08:00:00', '10:00:00');

INSERT INTO Dictated (course_name, schedule_id)
VALUES ('Introduction to Computer Science', 1),
       ('Introduction to Computer Science', 2),
       ('Introduction to Computer Science', 3),
       ('Discrete Mathematics', 4),
       ('Discrete Mathematics', 5),
       ('Fundamentals of Programming', 6),
       ('Fundamentals of Programming', 7);